Customer_ID,Customer_Name,Gender,Age,City,Customer_Segment,Join_Date
C0001,Arjun Sharma,Female,33,Pune,Regular,2025-08-02
C0002,Isha Patel,Female,20,Mumbai,Regular,2022-07-29
C0003,Pooja Desai,Male,53,Pune,Premium,2023-04-22
C0004,Isha Mehta,Male,46,Surat,Regular,2025-12-07
C0005,Krishna Nair,Female,39,Chennai,Regular,2022-01-14
C0006,Arjun Patel,Female,24,Hyderabad,Premium,2023-11-21
C0007,Kunal Iyer,Male,64,Kolkata,Regular,2025-05-21
C0008,Aditya Joshi,Female,58,Surat,Premium,2024-02-15
C0009,Riya Singh,Male,20,Pune,Premium,2024-01-11
C0010,Rahul Kapoor,Male,42,Chennai,Regular,2022-06-13
C0011,Krishna Shah,Female,31,Chennai,Premium,2024-01-18
C0012,Aditya Desai,Male,52,Pune,Regular,2025-10-31
C0013,Kunal Malhotra,Male,61,Hyderabad,Premium,2024-02-17
C0014,Rahul Kapoor,Male,69,Hyderabad,Regular,2022-04-25
C0015,Rohan Malhotra,Female,31,Kolkata,Regular,2022-05-16
C0016,Aisha Gupta,Female,26,Pune,Premium,2025-08-09
C0017,Kunal Nair,Female,55,Ahmedabad,Regular,2025-01-08
C0018,Pooja Verma,Male,66,Mumbai,Premium,2022-10-11
C0019,Krishna Iyer,Female,56,Delhi,Regular,2022-11-10
C0020,Aisha Joshi,Female,53,Mumbai,Premium,2025-05-05
C0021,Isha Iyer,Female,67,Hyderabad,Regular,2022-08-23
C0022,Krishna Verma,Male,64,Chennai,VIP,2024-06-09
C0023,Pooja Malhotra,Male,58,Chennai,Premium,2023-01-01
C0024,Meera Singh,Male,41,Bengaluru,Regular,2024-11-05
C0025,Aarav Desai,Female,49,Mumbai,Regular,2024-12-22
C0026,Raj Singh,Male,33,Surat,VIP,2024-01-14
C0027,Neha Kapoor,Male,66,Jaipur,Premium,2022-06-25
C0028,Neha Joshi,Male,34,Jaipur,Premium,2022-09-20
C0029,Rohan Malhotra,Male,63,Chennai,Regular,2024-05-16
C0030,Ananya Verma,Female,25,Pune,Regular,2025-10-07
C0031,Aarav Desai,Male,55,Pune,Regular,2023-11-24
C0032,Vivaan Singh,Male,20,Hyderabad,Regular,2025-12-20
C0033,Kunal Reddy,Female,31,Jaipur,Regular,2023-05-03
C0034,Riya Verma,Male,68,Kolkata,Premium,2025-03-15
C0035,Arjun Patel,Female,40,Ahmedabad,Regular,2023-01-25
C0036,Arjun Sharma,Female,64,Hyderabad,Premium,2022-04-21
C0037,Rahul Singh,Male,52,Kolkata,Regular,2022-08-12
C0038,Kunal Verma,Male,22,Kolkata,Premium,2023-01-11
C0039,Arjun Sharma,Male,23,Pune,Regular,2025-02-01
C0040,Neha Singh,Female,21,Bengaluru,Regular,2024-09-21
C0041,Kunal Malhotra,Female,36,Ahmedabad,Premium,2024-03-10
C0042,Neha Gupta,Male,36,Pune,VIP,2025-02-12
C0043,Isha Sharma,Female,21,Mumbai,Regular,2025-04-01
C0044,Pooja Gupta,Male,50,Delhi,Premium,2024-10-26
C0045,Meera Patel,Male,43,Delhi,VIP,2022-05-21
C0046,Rahul Desai,Male,57,Delhi,Regular,2025-03-12
C0047,Riya Joshi,Female,34,Pune,Premium,2025-04-10
C0048,Rahul Kumar,Female,26,Chennai,Regular,2023-10-06
C0049,Aarav Verma,Male,22,Jaipur,Regular,2022-05-29
C0050,Sai Malhotra,Female,22,Pune,Regular,2023-06-28
C0051,Aisha Kapoor,Female,57,Jaipur,Regular,2022-11-20
C0052,Raj Malhotra,Male,26,Chennai,Regular,2025-02-09
C0053,Isha Gupta,Female,36,Surat,Regular,2022-08-08
C0054,Rohan Reddy,Female,50,Kolkata,Regular,2023-12-04
C0055,Aditya Reddy,Female,35,Mumbai,Regular,2022-04-15
C0056,Kunal Gupta,Female,53,Ahmedabad,Regular,2022-09-25
C0057,Aditya Malhotra,Male,52,Mumbai,Premium,2022-08-18
C0058,Isha Gupta,Female,26,Mumbai,Regular,2025-04-07
C0059,Ananya Singh,Male,60,Delhi,Regular,2022-03-23
C0060,Kavya Desai,Male,33,Bengaluru,VIP,2025-02-20
C0061,Kavya Sharma,Male,65,Hyderabad,Premium,2022-12-29
C0062,Rahul Kumar,Male,68,Delhi,Regular,2024-04-23
C0063,Neha Singh,Male,70,Kolkata,Regular,2022-03-21
C0064,Rahul Sharma,Male,43,Hyderabad,Regular,2023-04-12
C0065,Kunal Shah,Female,61,Jaipur,Regular,2022-05-23
C0066,Arjun Malhotra,Female,29,Surat,VIP,2022-02-26
C0067,Vivaan Patel,Female,40,Hyderabad,Regular,2023-06-28
C0068,Arjun Mehta,Male,34,Mumbai,Premium,2024-11-13
C0069,Pooja Malhotra,Male,41,Ahmedabad,Regular,2022-01-04
C0070,Priya Desai,Female,60,Delhi,Premium,2025-09-22
C0071,Pooja Kumar,Female,38,Ahmedabad,Premium,2023-09-08
C0072,Sai Singh,Female,60,Ahmedabad,Premium,2025-02-09
C0073,Meera Desai,Female,43,Jaipur,Premium,2022-12-23
C0074,Raj Singh,Female,68,Surat,Regular,2023-09-15
C0075,Aisha Verma,Female,61,Pune,Regular,2023-10-22
C0076,Aditya Kumar,Female,23,Pune,Premium,2022-12-14
C0077,Rohan Gupta,Male,20,Pune,VIP,2023-04-06
C0078,Aditya Verma,Female,58,Surat,Regular,2025-06-05
C0079,Sneha Verma,Female,33,Bengaluru,Premium,2025-11-27
C0080,Arjun Iyer,Female,32,Bengaluru,Premium,2022-01-12
C0081,Pooja Verma,Male,53,Pune,VIP,2025-11-26
C0082,Aisha Gupta,Female,60,Jaipur,VIP,2022-09-06
C0083,Priya Iyer,Female,57,Jaipur,Regular,2025-05-04
C0084,Aisha Malhotra,Male,65,Kolkata,Regular,2025-01-27
C0085,Kunal Iyer,Female,58,Pune,Regular,2023-05-22
C0086,Raj Singh,Female,39,Hyderabad,Premium,2022-06-08
C0087,Sai Gupta,Male,42,Bengaluru,Premium,2022-06-15
C0088,Kavya Mehta,Female,52,Kolkata,Regular,2022-05-12
C0089,Kavya Mehta,Male,66,Surat,Regular,2023-02-28
C0090,Ananya Kumar,Female,44,Jaipur,Premium,2022-01-13
C0091,Meera Malhotra,Male,49,Pune,Regular,2025-01-23
C0092,Aarav Mehta,Female,60,Ahmedabad,Premium,2024-09-21
C0093,Sai Desai,Male,43,Surat,Regular,2024-08-15
C0094,Aditya Reddy,Female,26,Kolkata,Regular,2022-02-25
C0095,Sneha Shah,Male,47,Hyderabad,Regular,2023-06-17
C0096,Kunal Iyer,Female,34,Delhi,Regular,2024-02-16
C0097,Vivaan Shah,Male,59,Delhi,Premium,2025-01-09
C0098,Vivaan Iyer,Male,33,Pune,Premium,2025-08-27
C0099,Sai Singh,Male,48,Delhi,Regular,2025-06-26
C0100,Aisha Nair,Female,67,Hyderabad,Regular,2023-03-23
C0101,Arjun Iyer,Male,37,Delhi,Regular,2025-05-28
C0102,Riya Reddy,Female,43,Pune,Regular,2023-10-01
C0103,Rahul Patel,Female,61,Surat,Premium,2025-11-15
C0104,Vivaan Shah,Female,60,Hyderabad,Regular,2025-03-05
C0105,Priya Sharma,Female,70,Kolkata,Regular,2025-08-19
C0106,Aisha Nair,Male,45,Bengaluru,Premium,2024-01-12
C0107,Kunal Desai,Female,47,Ahmedabad,Premium,2025-08-25
C0108,Kunal Shah,Male,23,Chennai,Premium,2025-04-28
C0109,Aisha Desai,Female,39,Mumbai,Regular,2023-05-15
C0110,Krishna Verma,Male,40,Chennai,Regular,2023-10-28
C0111,Kunal Joshi,Male,51,Pune,Regular,2025-05-05
C0112,Neha Joshi,Male,62,Kolkata,Regular,2024-04-12
C0113,Aisha Iyer,Male,23,Chennai,Regular,2024-10-02
C0114,Rahul Kumar,Female,48,Jaipur,Regular,2025-11-17
C0115,Isha Shah,Female,62,Kolkata,Regular,2024-05-21
C0116,Rahul Patel,Male,38,Delhi,Premium,2023-05-30
C0117,Krishna Singh,Male,65,Kolkata,Regular,2025-11-14
C0118,Pooja Desai,Female,24,Pune,Regular,2025-04-22
C0119,Krishna Kumar,Male,63,Jaipur,Regular,2024-01-10
C0120,Vivaan Joshi,Female,62,Bengaluru,Regular,2022-04-04
C0121,Arjun Kapoor,Male,54,Chennai,Regular,2024-10-02
C0122,Priya Gupta,Male,34,Kolkata,Regular,2024-06-21
C0123,Sneha Verma,Male,54,Mumbai,Regular,2022-05-14
C0124,Raj Patel,Male,25,Jaipur,Premium,2025-02-26
C0125,Meera Iyer,Male,67,Jaipur,Regular,2025-05-26
C0126,Raj Kapoor,Female,37,Surat,Regular,2024-06-25
C0127,Arjun Iyer,Male,58,Pune,Regular,2025-06-02
C0128,Krishna Singh,Male,53,Delhi,Regular,2022-06-16
C0129,Aisha Nair,Female,36,Mumbai,Regular,2024-04-16
C0130,Raj Nair,Female,22,Pune,VIP,2025-12-18
C0131,Riya Reddy,Male,45,Delhi,Regular,2025-07-04
C0132,Sai Malhotra,Female,70,Bengaluru,Regular,2025-08-19
C0133,Raj Desai,Female,46,Delhi,Regular,2022-12-06
C0134,Sneha Kumar,Female,46,Delhi,Regular,2023-09-15
C0135,Priya Desai,Female,19,Delhi,Regular,2024-06-03
C0136,Riya Desai,Male,66,Chennai,Regular,2025-10-12
C0137,Neha Joshi,Female,35,Bengaluru,VIP,2022-12-25
C0138,Neha Patel,Female,40,Ahmedabad,Regular,2024-06-11
C0139,Arjun Kapoor,Male,39,Ahmedabad,Premium,2025-10-04
C0140,Sneha Kapoor,Male,47,Delhi,Regular,2023-08-14
C0141,Arjun Iyer,Female,50,Mumbai,Premium,2023-10-25
C0142,Aisha Mehta,Male,30,Jaipur,Regular,2025-01-16
C0143,Aisha Iyer,Male,31,Chennai,Regular,2024-10-17
C0144,Aisha Malhotra,Female,25,Mumbai,VIP,2023-08-13
C0145,Rahul Nair,Male,37,Jaipur,Regular,2025-05-31
C0146,Aditya Singh,Male,47,Delhi,Regular,2024-04-15
C0147,Neha Malhotra,Female,50,Chennai,Regular,2022-11-12
C0148,Neha Singh,Female,53,Bengaluru,Regular,2024-09-15
C0149,Pooja Nair,Male,22,Chennai,Premium,2025-05-12
C0150,Priya Malhotra,Female,70,Mumbai,Regular,2024-04-29
C0151,Riya Desai,Female,27,Kolkata,Regular,2023-09-04
C0152,Priya Joshi,Female,47,Hyderabad,Premium,2023-12-08
C0153,Rahul Desai,Female,32,Ahmedabad,Regular,2025-11-29
C0154,Sneha Mehta,Male,49,Mumbai,Regular,2024-08-26
C0155,Priya Kapoor,Male,46,Delhi,Regular,2025-04-23
C0156,Aarav Nair,Male,44,Bengaluru,Regular,2024-07-24
C0157,Priya Desai,Female,59,Delhi,Premium,2023-06-27
C0158,Isha Mehta,Female,58,Kolkata,Premium,2025-10-13
C0159,Meera Patel,Male,58,Chennai,VIP,2022-03-15
C0160,Kavya Patel,Male,46,Bengaluru,Premium,2022-07-05
C0161,Vivaan Shah,Male,36,Hyderabad,Regular,2022-03-01
C0162,Rahul Joshi,Female,54,Bengaluru,Regular,2022-10-26
C0163,Meera Kapoor,Female,57,Pune,Regular,2022-06-11
C0164,Sai Singh,Female,58,Chennai,Regular,2025-04-09
C0165,Aarav Malhotra,Female,36,Jaipur,Regular,2025-09-27
C0166,Ananya Desai,Female,58,Ahmedabad,Premium,2024-06-23
C0167,Raj Singh,Female,48,Delhi,Regular,2024-07-24
C0168,Ananya Desai,Female,62,Chennai,Regular,2025-03-17
C0169,Sneha Kumar,Male,54,Mumbai,VIP,2025-09-10
C0170,Raj Iyer,Male,56,Hyderabad,Regular,2024-10-14
C0171,Meera Kumar,Male,58,Delhi,VIP,2023-01-25
C0172,Vivaan Kumar,Female,20,Surat,Regular,2025-08-16
C0173,Aditya Malhotra,Female,38,Ahmedabad,Regular,2022-09-27
C0174,Isha Malhotra,Female,51,Jaipur,VIP,2022-09-28
C0175,Kunal Malhotra,Female,69,Chennai,Premium,2022-12-03
C0176,Arjun Verma,Male,27,Pune,Premium,2023-11-25
C0177,Sneha Kapoor,Female,23,Ahmedabad,Regular,2025-10-13
C0178,Arjun Verma,Female,61,Chennai,Regular,2025-01-03
C0179,Ananya Patel,Male,48,Mumbai,Regular,2025-07-31
C0180,Priya Malhotra,Male,59,Delhi,Regular,2025-02-23
C0181,Raj Reddy,Female,25,Bengaluru,Regular,2024-08-08
C0182,Raj Verma,Male,24,Pune,Premium,2022-03-18
C0183,Sneha Verma,Female,60,Jaipur,Regular,2022-10-05
C0184,Kavya Reddy,Male,49,Surat,Regular,2022-11-13
C0185,Vivaan Nair,Female,31,Kolkata,Regular,2023-07-27
C0186,Ananya Patel,Female,52,Hyderabad,Regular,2023-04-29
C0187,Rohan Patel,Female,23,Pune,Regular,2023-07-20
C0188,Aarav Sharma,Female,33,Bengaluru,Premium,2025-05-07
C0189,Aditya Kapoor,Male,55,Pune,Premium,2023-02-25
C0190,Priya Iyer,Male,68,Surat,Regular,2023-04-23
C0191,Sai Joshi,Female,69,Bengaluru,Regular,2022-10-24
C0192,Sai Sharma,Female,68,Pune,Regular,2022-02-22
C0193,Krishna Kumar,Male,26,Ahmedabad,Regular,2022-02-02
C0194,Neha Verma,Female,50,Surat,Regular,2022-05-11
C0195,Rahul Desai,Male,64,Jaipur,Regular,2024-10-28
C0196,Aarav Sharma,Female,43,Ahmedabad,Premium,2025-08-10
C0197,Aisha Patel,Male,38,Surat,Regular,2024-10-01
C0198,Kunal Desai,Female,42,Surat,Regular,2022-09-16
C0199,Pooja Desai,Female,24,Delhi,Premium,2024-07-18
C0200,Isha Nair,Male,45,Kolkata,Premium,2025-08-26
C0201,Priya Kapoor,Female,43,Ahmedabad,Premium,2024-04-27
C0202,Kavya Shah,Female,41,Bengaluru,Premium,2023-10-03
C0203,Aditya Patel,Male,23,Ahmedabad,Regular,2024-08-29
C0204,Sai Joshi,Male,55,Jaipur,Regular,2024-02-03
C0205,Arjun Mehta,Female,60,Ahmedabad,Premium,2025-10-04
C0206,Raj Desai,Female,40,Delhi,Regular,2022-04-16
C0207,Sai Reddy,Female,32,Delhi,Regular,2023-03-12
C0208,Ananya Patel,Female,54,Pune,Premium,2025-02-13
C0209,Meera Desai,Male,56,Chennai,Regular,2025-02-22
C0210,Raj Malhotra,Female,40,Mumbai,Regular,2023-07-14
C0211,Riya Reddy,Female,22,Bengaluru,Premium,2022-10-21
C0212,Aditya Nair,Male,42,Ahmedabad,Regular,2022-03-04
C0213,Ananya Kumar,Female,67,Surat,Regular,2022-11-19
C0214,Sai Gupta,Male,61,Delhi,Regular,2022-04-18
C0215,Kavya Verma,Female,44,Chennai,Regular,2025-09-17
C0216,Arjun Shah,Female,25,Chennai,Premium,2024-11-15
C0217,Neha Joshi,Female,20,Pune,Regular,2025-04-29
C0218,Vivaan Sharma,Male,37,Pune,Premium,2025-05-12
C0219,Raj Shah,Male,18,Kolkata,Premium,2023-06-08
C0220,Sai Mehta,Male,50,Jaipur,Premium,2022-12-26
C0221,Aditya Mehta,Male,45,Mumbai,Regular,2023-12-27
C0222,Priya Desai,Female,54,Ahmedabad,Premium,2022-06-09
C0223,Raj Patel,Female,19,Hyderabad,Regular,2024-05-05
C0224,Aisha Kapoor,Female,23,Ahmedabad,Premium,2025-06-19
C0225,Kavya Desai,Female,51,Delhi,Regular,2023-05-14
C0226,Priya Singh,Female,67,Bengaluru,Regular,2023-09-28
C0227,Arjun Joshi,Male,67,Hyderabad,Regular,2025-07-20
C0228,Sai Singh,Male,27,Chennai,Regular,2025-08-14
C0229,Sai Iyer,Male,29,Kolkata,Regular,2025-05-18
C0230,Riya Verma,Female,58,Hyderabad,Regular,2025-02-28
C0231,Neha Verma,Female,68,Chennai,Regular,2022-05-20
C0232,Pooja Patel,Female,47,Kolkata,Regular,2023-12-22
C0233,Raj Patel,Male,57,Surat,Regular,2024-01-26
C0234,Riya Joshi,Male,46,Surat,Premium,2024-08-05
C0235,Meera Verma,Male,21,Kolkata,Regular,2023-10-21
C0236,Aditya Joshi,Male,20,Pune,Premium,2023-12-05
C0237,Pooja Joshi,Male,41,Hyderabad,VIP,2024-06-18
C0238,Kavya Iyer,Female,61,Surat,Regular,2024-03-04
C0239,Priya Patel,Female,24,Jaipur,Premium,2025-07-16
C0240,Kunal Nair,Male,39,Delhi,Regular,2023-08-05
C0241,Ananya Kumar,Female,26,Surat,Premium,2022-10-17
C0242,Raj Joshi,Female,59,Hyderabad,Premium,2022-06-23
C0243,Pooja Patel,Female,50,Hyderabad,Regular,2025-10-04
C0244,Krishna Singh,Female,67,Kolkata,Regular,2023-09-25
C0245,Sai Patel,Female,68,Delhi,Regular,2022-10-09
C0246,Pooja Sharma,Female,67,Surat,Regular,2025-01-10
C0247,Sai Gupta,Male,62,Surat,Premium,2024-02-11
C0248,Aisha Sharma,Female,41,Pune,VIP,2022-12-06
C0249,Raj Iyer,Female,32,Jaipur,Regular,2025-06-04
C0250,Rohan Shah,Female,47,Chennai,Premium,2024-08-18
C0251,Pooja Mehta,Male,70,Pune,Premium,2024-10-26
C0252,Kunal Sharma,Female,41,Jaipur,VIP,2022-10-11
C0253,Arjun Kumar,Male,66,Bengaluru,Regular,2024-11-22
C0254,Sai Kapoor,Female,23,Pune,Premium,2024-11-17
C0255,Aarav Mehta,Male,43,Jaipur,Regular,2023-12-17
C0256,Aditya Shah,Male,19,Hyderabad,VIP,2024-03-01
C0257,Priya Iyer,Male,26,Mumbai,Regular,2025-08-24
C0258,Sai Iyer,Female,46,Surat,Regular,2024-08-25
C0259,Aarav Kumar,Male,27,Jaipur,VIP,2022-06-12
C0260,Pooja Mehta,Male,67,Chennai,Regular,2025-05-31
C0261,Vivaan Singh,Female,58,Surat,Regular,2022-09-07
C0262,Neha Desai,Male,58,Jaipur,Regular,2022-08-16
C0263,Raj Mehta,Male,57,Hyderabad,Regular,2022-10-22
C0264,Krishna Reddy,Male,51,Hyderabad,Regular,2024-05-03
C0265,Isha Joshi,Male,42,Kolkata,Regular,2024-12-13
C0266,Ananya Kumar,Male,40,Delhi,Regular,2024-03-03
C0267,Arjun Iyer,Female,26,Mumbai,Regular,2025-09-07
C0268,Krishna Kapoor,Female,62,Kolkata,Regular,2023-11-25
C0269,Aditya Nair,Female,20,Chennai,Regular,2022-10-04
C0270,Vivaan Shah,Female,50,Ahmedabad,VIP,2023-02-13
C0271,Neha Kumar,Male,66,Pune,Regular,2025-01-17
C0272,Priya Kumar,Male,69,Hyderabad,Regular,2022-04-08
C0273,Aisha Malhotra,Female,39,Bengaluru,Regular,2024-03-30
C0274,Ananya Malhotra,Female,69,Delhi,Premium,2024-10-15
C0275,Kavya Desai,Male,52,Chennai,Regular,2022-06-11
C0276,Priya Reddy,Female,37,Kolkata,Regular,2022-06-13
C0277,Krishna Nair,Female,40,Kolkata,Regular,2024-05-22
C0278,Meera Mehta,Female,58,Mumbai,Regular,2023-12-24
C0279,Sneha Shah,Male,19,Bengaluru,Premium,2025-07-29
C0280,Aisha Sharma,Male,22,Pune,Premium,2025-10-20
C0281,Ananya Mehta,Male,56,Bengaluru,Premium,2024-01-21
C0282,Ananya Verma,Male,54,Bengaluru,Regular,2024-01-30
C0283,Priya Reddy,Female,33,Delhi,Regular,2024-03-26
C0284,Neha Joshi,Female,53,Delhi,Regular,2023-01-17
C0285,Aisha Singh,Female,62,Kolkata,Regular,2023-06-18
C0286,Aditya Verma,Male,63,Kolkata,VIP,2022-10-05
C0287,Priya Reddy,Female,63,Delhi,Regular,2025-10-28
C0288,Raj Kapoor,Male,63,Bengaluru,Premium,2023-08-18
C0289,Rahul Patel,Male,68,Bengaluru,Regular,2024-11-07
C0290,Aarav Shah,Female,47,Jaipur,Regular,2024-10-08
C0291,Aditya Kumar,Female,63,Kolkata,Regular,2022-06-26
C0292,Riya Patel,Male,38,Delhi,Regular,2024-04-18
C0293,Pooja Shah,Male,67,Jaipur,Regular,2025-10-24
C0294,Sai Mehta,Male,25,Jaipur,Regular,2023-01-08
C0295,Krishna Shah,Male,40,Jaipur,Premium,2022-12-04
C0296,Kunal Singh,Female,26,Chennai,Regular,2022-06-11
C0297,Pooja Reddy,Male,55,Surat,Regular,2022-07-11
C0298,Meera Nair,Female,54,Mumbai,Premium,2025-09-11
C0299,Aditya Sharma,Female,59,Pune,Premium,2022-02-28
C0300,Meera Reddy,Male,49,Jaipur,Regular,2024-05-03
C0301,Neha Singh,Female,37,Kolkata,Regular,2023-09-11
C0302,Krishna Verma,Female,48,Kolkata,Regular,2022-05-03
C0303,Sai Shah,Female,64,Hyderabad,VIP,2025-05-27
C0304,Ananya Joshi,Male,38,Pune,Regular,2022-09-25
C0305,Aisha Singh,Male,24,Mumbai,Regular,2023-07-02
C0306,Meera Mehta,Male,28,Hyderabad,VIP,2024-02-26
C0307,Rohan Iyer,Male,49,Jaipur,Regular,2023-10-03
C0308,Neha Sharma,Male,43,Jaipur,Regular,2023-09-24
C0309,Rohan Desai,Female,21,Mumbai,Regular,2023-05-09
C0310,Neha Kumar,Male,24,Ahmedabad,Regular,2025-05-08
C0311,Ananya Iyer,Female,41,Mumbai,Regular,2023-06-26
C0312,Isha Singh,Female,53,Chennai,Regular,2025-03-13
C0313,Aisha Iyer,Female,70,Surat,Premium,2024-10-29
C0314,Sai Patel,Female,41,Hyderabad,Regular,2022-09-01
C0315,Sai Singh,Female,50,Mumbai,Regular,2024-01-19
C0316,Priya Iyer,Female,51,Kolkata,Regular,2022-10-08
C0317,Sai Shah,Female,28,Ahmedabad,VIP,2024-11-21
C0318,Riya Shah,Female,63,Surat,Regular,2023-09-05
C0319,Ananya Shah,Male,44,Surat,Regular,2022-02-04
C0320,Aarav Desai,Female,34,Surat,Regular,2025-11-10
C0321,Riya Verma,Male,51,Surat,Premium,2022-04-16
C0322,Sai Kapoor,Male,20,Surat,VIP,2024-02-18
C0323,Rohan Sharma,Female,38,Ahmedabad,Regular,2022-08-14
C0324,Rohan Mehta,Female,65,Mumbai,Premium,2025-11-15
C0325,Rohan Joshi,Female,60,Kolkata,Regular,2024-11-28
C0326,Krishna Verma,Female,52,Hyderabad,Premium,2023-10-05
C0327,Kunal Desai,Female,30,Pune,Regular,2025-10-26
C0328,Rahul Kumar,Female,63,Pune,Premium,2023-09-04
C0329,Priya Verma,Female,53,Chennai,Regular,2024-09-28
C0330,Isha Mehta,Female,70,Hyderabad,VIP,2025-03-20
C0331,Raj Sharma,Female,63,Delhi,Regular,2022-10-27
C0332,Kunal Nair,Female,31,Pune,Premium,2024-06-24
C0333,Isha Nair,Female,26,Delhi,Regular,2023-07-10
C0334,Rahul Singh,Male,60,Jaipur,Regular,2025-04-16
C0335,Vivaan Patel,Female,39,Kolkata,Regular,2023-04-22
C0336,Aarav Joshi,Male,44,Kolkata,Regular,2022-10-09
C0337,Raj Shah,Female,59,Mumbai,VIP,2023-02-13
C0338,Riya Singh,Male,29,Ahmedabad,Premium,2022-07-03
C0339,Vivaan Kapoor,Female,68,Kolkata,Regular,2022-12-27
C0340,Vivaan Sharma,Female,54,Surat,Regular,2023-08-16
C0341,Raj Verma,Female,26,Jaipur,Regular,2023-11-18
C0342,Arjun Shah,Male,64,Kolkata,Regular,2023-01-30
C0343,Aarav Nair,Female,68,Chennai,Regular,2023-01-17
C0344,Krishna Desai,Female,70,Ahmedabad,Regular,2023-01-31
C0345,Sneha Reddy,Male,29,Bengaluru,Regular,2022-06-27
C0346,Aarav Kumar,Female,33,Kolkata,Premium,2023-05-24
C0347,Raj Desai,Male,34,Hyderabad,Premium,2023-11-07
C0348,Arjun Verma,Female,28,Ahmedabad,Premium,2022-05-08
C0349,Raj Nair,Male,58,Chennai,Regular,2025-12-11
C0350,Rahul Gupta,Female,27,Kolkata,Premium,2023-03-29
C0351,Ananya Mehta,Female,66,Jaipur,Premium,2025-05-25
C0352,Rahul Reddy,Male,51,Kolkata,Regular,2023-03-24
C0353,Aditya Malhotra,Male,21,Jaipur,VIP,2024-01-11
C0354,Riya Joshi,Male,28,Hyderabad,Premium,2023-02-19
C0355,Arjun Reddy,Male,63,Surat,Regular,2024-06-23
C0356,Aisha Iyer,Male,47,Bengaluru,Regular,2024-11-11
C0357,Riya Sharma,Female,61,Chennai,Premium,2024-07-24
C0358,Kunal Kapoor,Male,65,Pune,Regular,2024-03-21
C0359,Kavya Shah,Male,52,Mumbai,VIP,2022-04-03
C0360,Neha Sharma,Female,44,Bengaluru,Premium,2022-05-22
C0361,Kavya Shah,Female,46,Ahmedabad,Regular,2025-08-06
C0362,Isha Gupta,Female,25,Bengaluru,VIP,2025-10-30
C0363,Pooja Gupta,Male,18,Mumbai,VIP,2024-03-15
C0364,Isha Mehta,Female,70,Pune,Regular,2024-08-06
C0365,Sai Kumar,Male,64,Delhi,Regular,2023-12-10
C0366,Kavya Desai,Male,33,Pune,Regular,2025-09-14
C0367,Vivaan Verma,Male,33,Mumbai,Regular,2025-05-01
C0368,Isha Singh,Male,26,Jaipur,VIP,2023-04-25
C0369,Riya Shah,Female,33,Chennai,Premium,2023-04-25
C0370,Pooja Singh,Female,37,Chennai,Regular,2025-09-14
C0371,Krishna Reddy,Female,53,Kolkata,Regular,2025-04-26
C0372,Sneha Iyer,Female,62,Ahmedabad,Regular,2023-12-07
C0373,Sneha Gupta,Female,33,Pune,Regular,2023-09-07
C0374,Sai Iyer,Female,21,Jaipur,Regular,2025-12-20
C0375,Isha Joshi,Male,42,Pune,Regular,2024-05-03
C0376,Aditya Malhotra,Female,41,Delhi,Regular,2023-11-08
C0377,Vivaan Kumar,Female,61,Surat,Regular,2023-01-26
C0378,Rohan Iyer,Male,48,Pune,Premium,2022-05-30
C0379,Raj Malhotra,Male,31,Pune,VIP,2023-11-13
C0380,Neha Malhotra,Male,62,Surat,Premium,2022-08-29
C0381,Rahul Joshi,Female,67,Chennai,Regular,2024-03-23
C0382,Ananya Kumar,Female,41,Jaipur,Premium,2024-12-28
C0383,Arjun Iyer,Female,66,Hyderabad,VIP,2024-08-12
C0384,Priya Mehta,Male,54,Pune,Premium,2024-01-30
C0385,Kunal Joshi,Female,36,Bengaluru,Regular,2022-02-03
C0386,Sneha Desai,Male,49,Jaipur,Premium,2023-04-17
C0387,Priya Kumar,Female,64,Kolkata,Regular,2025-11-03
C0388,Krishna Gupta,Female,29,Jaipur,VIP,2023-12-23
C0389,Pooja Sharma,Male,70,Mumbai,Premium,2022-05-01
C0390,Sai Kapoor,Male,22,Bengaluru,Regular,2024-04-24
C0391,Aisha Shah,Male,57,Surat,VIP,2024-11-01
C0392,Neha Sharma,Male,52,Jaipur,Regular,2025-09-12
C0393,Pooja Nair,Female,52,Chennai,Regular,2022-02-04
C0394,Kavya Iyer,Male,24,Delhi,Regular,2025-11-30
C0395,Rohan Desai,Female,70,Hyderabad,Regular,2023-05-09
C0396,Aditya Shah,Female,47,Surat,Regular,2024-03-23
C0397,Rahul Kumar,Male,59,Mumbai,Regular,2025-11-28
C0398,Sneha Joshi,Female,21,Mumbai,Premium,2024-02-16
C0399,Neha Kapoor,Female,59,Hyderabad,Regular,2022-06-19
C0400,Pooja Malhotra,Male,32,Pune,VIP,2022-07-15
C0401,Riya Verma,Female,20,Delhi,Premium,2025-11-18
C0402,Isha Desai,Male,29,Hyderabad,Regular,2023-07-29
C0403,Riya Gupta,Female,22,Chennai,Regular,2023-03-01
C0404,Riya Kapoor,Female,61,Jaipur,Regular,2023-05-08
C0405,Aditya Joshi,Female,21,Delhi,Regular,2022-10-14
C0406,Priya Desai,Female,67,Hyderabad,Regular,2022-06-05
C0407,Aisha Verma,Male,40,Jaipur,VIP,2023-07-14
C0408,Krishna Reddy,Female,23,Surat,Regular,2024-06-03
C0409,Aditya Patel,Female,27,Ahmedabad,Premium,2023-05-20
C0410,Sai Nair,Female,38,Hyderabad,Regular,2025-07-22
C0411,Raj Verma,Female,66,Chennai,Regular,2022-01-11
C0412,Krishna Mehta,Female,53,Jaipur,Regular,2022-06-28
C0413,Aarav Patel,Female,53,Delhi,Regular,2022-07-31
C0414,Sneha Sharma,Female,44,Ahmedabad,Premium,2023-10-27
C0415,Rahul Desai,Male,61,Ahmedabad,Regular,2025-02-19
C0416,Raj Kumar,Female,27,Delhi,Regular,2023-07-05
C0417,Kavya Kumar,Female,68,Delhi,Regular,2023-07-20
C0418,Neha Desai,Male,47,Delhi,Regular,2023-05-21
C0419,Sneha Shah,Female,69,Hyderabad,Regular,2022-01-14
C0420,Meera Gupta,Female,38,Surat,VIP,2024-05-31
C0421,Neha Shah,Male,43,Hyderabad,Regular,2023-02-16
C0422,Neha Desai,Male,38,Ahmedabad,Regular,2025-11-24
C0423,Ananya Patel,Male,55,Jaipur,Regular,2024-03-15
C0424,Aarav Nair,Female,63,Pune,Regular,2025-01-31
C0425,Aditya Kapoor,Female,61,Kolkata,Regular,2023-08-20
C0426,Rahul Kumar,Male,63,Ahmedabad,Premium,2023-09-13
C0427,Aisha Desai,Female,55,Ahmedabad,Regular,2022-06-01
C0428,Kavya Joshi,Male,68,Hyderabad,Premium,2025-11-17
C0429,Meera Reddy,Male,24,Pune,Premium,2025-01-04
C0430,Krishna Reddy,Male,54,Ahmedabad,VIP,2023-12-29
C0431,Kavya Patel,Male,24,Chennai,Regular,2023-11-11
C0432,Isha Desai,Male,46,Hyderabad,Regular,2024-11-28
C0433,Riya Nair,Male,40,Mumbai,Regular,2025-10-23
C0434,Kavya Malhotra,Male,25,Bengaluru,Regular,2023-08-29
C0435,Aisha Iyer,Male,51,Kolkata,Regular,2023-12-04
C0436,Aisha Nair,Female,38,Delhi,Regular,2022-07-19
C0437,Aarav Kapoor,Female,59,Delhi,Premium,2022-08-24
C0438,Rahul Joshi,Male,53,Bengaluru,Regular,2022-12-03
C0439,Aisha Singh,Female,58,Bengaluru,Regular,2024-05-23
C0440,Kavya Mehta,Male,65,Surat,Premium,2025-09-08
C0441,Riya Mehta,Female,18,Pune,Regular,2024-07-09
C0442,Aditya Desai,Male,69,Jaipur,Regular,2025-12-12
C0443,Rohan Verma,Male,34,Kolkata,Regular,2023-10-30
C0444,Priya Desai,Female,57,Ahmedabad,Regular,2025-08-01
C0445,Ananya Kapoor,Female,57,Bengaluru,Premium,2023-12-14
C0446,Raj Malhotra,Male,61,Bengaluru,Regular,2025-12-16
C0447,Raj Patel,Male,41,Bengaluru,Regular,2023-05-04
C0448,Meera Gupta,Female,45,Bengaluru,Regular,2024-05-06
C0449,Krishna Joshi,Male,49,Chennai,Regular,2025-01-05
C0450,Aisha Desai,Male,40,Mumbai,Regular,2023-10-07
C0451,Sneha Joshi,Female,44,Kolkata,Regular,2023-02-04
C0452,Neha Gupta,Male,54,Mumbai,Premium,2024-06-28
C0453,Raj Sharma,Female,32,Jaipur,Regular,2023-03-28
C0454,Riya Nair,Female,53,Jaipur,Regular,2024-07-25
C0455,Kunal Iyer,Female,52,Mumbai,Premium,2022-08-22
C0456,Isha Singh,Female,24,Pune,Regular,2024-06-22
C0457,Aisha Kumar,Female,70,Delhi,Regular,2022-03-08
C0458,Rahul Singh,Female,63,Surat,Regular,2022-08-29
C0459,Meera Gupta,Male,70,Pune,Premium,2022-12-06
C0460,Ananya Joshi,Female,56,Jaipur,Regular,2025-03-13
C0461,Raj Kumar,Female,50,Delhi,Regular,2025-12-12
C0462,Vivaan Kumar,Male,62,Bengaluru,Regular,2024-04-22
C0463,Rahul Iyer,Female,49,Bengaluru,Regular,2023-10-22
C0464,Kavya Mehta,Female,22,Delhi,Regular,2023-07-05
C0465,Ananya Verma,Female,38,Surat,Regular,2023-07-24
C0466,Aisha Reddy,Female,22,Jaipur,Regular,2022-07-10
C0467,Rohan Verma,Female,38,Chennai,Regular,2024-05-29
C0468,Sai Desai,Female,68,Hyderabad,Premium,2025-03-29
C0469,Vivaan Patel,Female,19,Delhi,VIP,2022-04-10
C0470,Aisha Verma,Male,45,Pune,VIP,2022-11-20
C0471,Raj Gupta,Female,23,Hyderabad,Regular,2022-09-28
C0472,Krishna Sharma,Female,58,Chennai,Premium,2024-02-01
C0473,Kavya Reddy,Male,63,Delhi,Regular,2023-04-25
C0474,Aditya Gupta,Male,51,Kolkata,Regular,2024-09-03
C0475,Priya Kapoor,Male,45,Bengaluru,Regular,2025-11-25
C0476,Sneha Patel,Male,24,Hyderabad,Regular,2023-04-14
C0477,Sai Mehta,Male,59,Bengaluru,Regular,2023-09-05
C0478,Aarav Desai,Male,46,Hyderabad,Premium,2025-02-27
C0479,Sai Malhotra,Female,57,Kolkata,Premium,2025-07-10
C0480,Arjun Gupta,Male,55,Ahmedabad,Regular,2022-06-27
C0481,Priya Iyer,Male,33,Chennai,Regular,2024-05-29
C0482,Isha Desai,Female,67,Mumbai,Premium,2023-05-24
C0483,Raj Singh,Male,65,Ahmedabad,Regular,2025-09-10
C0484,Rahul Verma,Female,25,Pune,Regular,2022-04-22
C0485,Aditya Joshi,Male,41,Hyderabad,Regular,2025-05-01
C0486,Kavya Shah,Male,66,Kolkata,VIP,2025-03-10
C0487,Aarav Desai,Male,18,Chennai,Regular,2022-05-30
C0488,Sneha Joshi,Female,58,Jaipur,Premium,2022-05-04
C0489,Sneha Patel,Male,35,Delhi,Regular,2024-05-17
C0490,Rohan Iyer,Male,52,Hyderabad,Regular,2024-11-13
C0491,Aditya Kumar,Female,64,Pune,Regular,2025-07-23
C0492,Kavya Patel,Female,57,Surat,Regular,2022-06-26
C0493,Krishna Patel,Male,63,Bengaluru,Premium,2025-09-26
C0494,Neha Shah,Female,28,Hyderabad,Regular,2022-12-02
C0495,Arjun Iyer,Male,39,Ahmedabad,Regular,2023-07-05
C0496,Kunal Nair,Male,49,Kolkata,Regular,2022-05-11
C0497,Neha Kapoor,Male,41,Bengaluru,Regular,2022-04-24
C0498,Riya Reddy,Male,32,Jaipur,Regular,2022-07-30
C0499,Rahul Sharma,Female,41,Ahmedabad,VIP,2022-01-26
C0500,Vivaan Joshi,Female,32,Hyderabad,Regular,2023-01-02
